date,run_utc,spot,expiry,dte,hv30,hv10,atm_strike,atm_iv,atm_iv_hv_ratio,otm_target,strike,otm_actual,bid,ask,mid,spread_pct,open_interest,volume,iv_yahoo,iv_mid,iv_bid,iv_hv_ratio_mid,iv_hv_ratio_bid,low_price,note,session,option_type
2026-09-24,2026-09-24 22:36,161.61,2026-10-02,8,1.0575,1.0436,162.5,0.6968,0.659,0.1,180.0,0.1138,1.81,1.89,1.85,0.043,7816,4562,0.7341,0.7802,0.774,0.738,0.732,False,,after_close,call
2026-09-24,2026-09-24 22:36,161.61,2026-10-02,8,1.0575,1.0436,162.5,0.6968,0.659,0.15,190.0,0.1757,0.9,1.05,0.975,0.154,2127,1031,0.7891,0.8396,0.8222,0.794,0.777,False,,after_close,call
2026-09-24,2026-09-24 22:36,161.61,2026-10-02,8,1.0575,1.0436,162.5,0.6968,0.659,0.2,195.0,0.2066,0.67,0.82,0.745,0.201,827,463,0.8228,0.8756,0.8543,0.828,0.808,False,,after_close,call
2026-09-24,2026-09-24 22:36,161.61,2026-10-02,8,1.0575,1.0436,162.5,0.6968,0.659,0.25,205.0,0.2685,0.36,0.44,0.4,0.2,1292,406,0.8657,0.9219,0.904,0.872,0.855,False,,after_close,call
2026-09-25,2026-09-25 22:35,158.61,2026-10-02,7,1.0633,1.0664,157.5,0.6571,0.618,0.1,175.0,0.1033,1.39,1.52,1.455,0.089,13339,3401,0.6792,0.7284,0.7168,0.685,0.674,False,,after_close,call
2026-09-25,2026-09-25 22:35,158.61,2026-10-02,7,1.0633,1.0664,157.5,0.6571,0.618,0.15,185.0,0.1664,0.6,0.7,0.65,0.154,1892,1267,0.7319,0.7857,0.7708,0.739,0.725,False,,after_close,call
2026-09-25,2026-09-25 22:35,158.61,2026-10-02,7,1.0633,1.0664,157.5,0.6571,0.618,0.2,195.0,0.2294,0.31,0.36,0.335,0.149,1047,807,0.7969,0.8563,0.844,0.805,0.794,False,,after_close,call
2026-09-25,2026-09-25 22:35,158.61,2026-10-02,7,1.0633,1.0664,157.5,0.6571,0.618,0.25,200.0,0.261,0.24,0.26,0.25,0.08,8774,2639,0.8301,0.8919,0.8858,0.839,0.833,False,,after_close,call
2026-09-28,2026-09-28 23:52,157.14,2026-10-02,4,1.0513,1.0669,157.5,0.7687,0.731,0.1,175.0,0.1137,0.84,0.89,0.865,0.058,13495,3400,0.7744,0.8817,0.8742,0.839,0.832,False,,after_close,call
2026-09-28,2026-09-28 23:52,157.14,2026-10-02,4,1.0513,1.0669,157.5,0.7687,0.731,0.15,182.5,0.1614,0.4,0.44,0.42,0.095,446,646,0.8223,0.936,0.9262,0.89,0.881,False,,after_close,call
2026-09-28,2026-09-28 23:52,157.14,2026-10-02,4,1.0513,1.0669,157.5,0.7687,0.731,0.2,190.0,0.2091,0.2,0.22,0.21,0.095,2603,3385,0.8682,0.9889,0.9807,0.941,0.933,False,,after_close,call
2026-09-28,2026-09-28 23:52,157.14,2026-10-02,4,1.0513,1.0669,157.5,0.7687,0.731,0.25,197.5,0.2568,0.09,0.14,0.115,0.435,877,1040,0.9199,1.0484,1.0127,0.997,0.963,True,,after_close,call
2026-09-29,2026-09-29 20:00,154.72,2026-10-09,10,1.052,1.0132,155.0,0.6147,0.584,0.1,172.5,0.1149,1.82,1.88,1.85,0.032,2202,254,0.6797,0.7074,0.7032,0.672,0.668,False,,after_close,call
2026-09-29,2026-09-29 20:00,154.72,2026-10-09,10,1.052,1.0132,155.0,0.6147,0.584,0.15,180.0,0.1634,1.09,1.14,1.115,0.045,1127,606,0.7158,0.746,0.7412,0.709,0.705,False,,after_close,call
2026-09-29,2026-09-29 20:00,154.72,2026-10-09,10,1.052,1.0132,155.0,0.6147,0.584,0.2,187.5,0.2119,0.64,0.73,0.685,0.131,290,23,0.7505,0.7831,0.7711,0.744,0.733,False,,after_close,call
2026-09-29,2026-09-29 20:00,154.72,2026-10-09,10,1.052,1.0132,155.0,0.6147,0.584,0.25,195.0,0.2603,0.36,0.47,0.415,0.265,518,381,0.7788,0.813,0.7914,0.773,0.752,False,,after_close,call
